alfa-romeo;147 (43)
alfa-romeo;159 (173)
alfa-romeo;Giulia (217)
alfa-romeo;Giulietta (265)
alfa-romeo;GT (25)
alfa-romeo;Inny (476)
alfa-romeo;Mito (129)
alfa-romeo;Stelvio (317)
alfa-romeo;Tonale (151)
audi;200 (25)
audi;80 (38)
audi;A1 (242)
audi;A2 (37)
audi;A3 (2174)
audi;A4 (3889)
audi;A4 Allroad (227)
audi;A5 (1124)
audi;A6 (3114)
audi;A6 Allroad (233)
audi;A7 (477)
audi;A8 (496)
audi;Coupe (40)
audi;e-tron (138)
audi;e-tron GT (48)
audi;Inny (476)
audi;Q2 (141)
audi;Q3 (707)
audi;Q3 Sportback (103)
audi;Q4 (32)
audi;Q4 Sportback (24)
audi;Q5 (1438)
audi;Q5 Sportback (86)
audi;Q7 (581)
audi;Q8 (270)
audi;R8 (38)
audi;RS Q3 (70)
audi;RS Q8 (32)
audi;RS3 (187)
audi;RS4 (26)
audi;RS5 (70)
audi;RS6 (68)
audi;RS7 (40)
audi;S3 (219)
audi;S4 (86)
audi;S5 (129)
audi;S6 (102)
audi;S7 (46)
audi;S8 (61)
audi;SQ5 (109)
audi;SQ7 (86)
audi;SQ8 (60)
audi;TT (135)
bentley;Bentayga (22)
bentley;Continental GT (54)
bentley;Inny (476)
bmw;3GT (262)
bmw;5GT (90)
bmw;6GT (44)
bmw;i3 (171)
bmw;i4 (149)
bmw;i5 (31)
bmw;i7 (33)
bmw;Inny (476)
bmw;iX (82)
bmw;iX1 (93)
bmw;iX3 (31)
bmw;M2 (105)
bmw;M3 (228)
bmw;M4 (188)
bmw;M5 (120)
bmw;M6 (24)
bmw;M8 (50)
bmw;Seria 1 (1637)
bmw;Seria 2 (605)
bmw;Seria 3 (3848)
bmw;Seria 4 (591)
bmw;Seria 5 (3252)
bmw;Seria 6 (208)
bmw;Seria 7 (793)
bmw;Seria 8 (144)
bmw;X1 (996)
bmw;X2 (242)
bmw;X3 (1413)
bmw;X3 M (54)
bmw;X4 (395)
bmw;X4 M (25)
bmw;X5 (1236)
bmw;X5 M (199)
bmw;X6 (438)
bmw;X6M (58)
bmw;X7 (253)
bmw;XM (84)
bmw;Z3 (27)
bmw;Z4 (41)
cadillac;Escalade (39)
cadillac;Inny (476)
chevrolet;1500 (160)
chevrolet;Aveo (157)
chevrolet;Camaro (165)
chevrolet;Captiva (165)
chevrolet;Corvette (146)
chevrolet;Cruze (265)
chevrolet;Inny (476)
chevrolet;Matiz (37)
chevrolet;Orlando (103)
chevrolet;Silverado (25)
chevrolet;Spark (87)
chevrolet;Trax (79)
chrysler;200 (25)
chrysler;300C (42)
chrysler;ES (122)
chrysler;Grand Voyager (46)
chrysler;GS (93)
chrysler;Inny (476)
chrysler;Pacifica (281)
chrysler;PT Cruiser (22)
chrysler;Town & Country (115)
chrysler;Voyager (33)
citroen;Berlingo (648)
citroen;C-Crosser (21)
citroen;C-Elys√©e (92)
citroen;C1 (147)
citroen;C2 (66)
citroen;C3 (1042)
citroen;C3 Aircross (262)
citroen;C3 Picasso (169)
citroen;C4 (670)
citroen;C4 Aircross (80)
citroen;C4 Cactus (242)
citroen;C4 Grand Picasso (423)
citroen;C4 Picasso (611)
citroen;C4 SpaceTourer (81)
citroen;C4X (46)
citroen;C5 (739)
citroen;C5 Aircross (313)
citroen;C5X (99)
citroen;C8 (35)
citroen;DS3 (159)
citroen;DS4 (143)
citroen;DS5 (132)
citroen;Inny (476)
citroen;Jumper (31)
citroen;Jumpy Combi (60)
citroen;SpaceTourer (36)
citroen;XM (84)
citroen;Xsara Picasso (84)
cupra;Ateca (546)
cupra;Born (48)
cupra;Formentor (587)
cupra;Leon (132)
cupra;Leon Sportstourer (90)
dacia;Dokker (149)
dacia;Duster (1073)
dacia;Inny (476)
dacia;Jogger (121)
dacia;Lodgy (157)
dacia;Logan (147)
dacia;Sandero (428)
dacia;Sandero Stepway (418)
dacia;Spring (78)
daihatsu;Inny (476)
daihatsu;Sirion (55)
daihatsu;Terios (40)
dodge;Avenger (173)
dodge;Caliber (51)
dodge;Challenger (231)
dodge;Charger (109)
dodge;Durango (216)
dodge;Grand Caravan (102)
dodge;Inny (476)
dodge;Journey (102)
dodge;RAM (240)
ds-automobiles;DS 3 Crossback (33)
ds-automobiles;DS 4 (77)
ds-automobiles;DS 5 (21)
ds-automobiles;DS 7 Crossback (121)
ds-automobiles;Inny (476)
fiat;125p (21)
fiat;126 (45)
fiat;500 (745)
fiat;500L (124)
fiat;500X (152)
fiat;Bravo (248)
fiat;Coupe (40)
fiat;Croma (52)
fiat;Doblo (179)
fiat;Ducato (55)
fiat;Fiorino (44)
fiat;Freemont (245)
fiat;Grande Punto (224)
fiat;Inny (476)
fiat;Linea (25)
fiat;Panda (325)
fiat;Punto (170)
fiat;Punto Evo (175)
fiat;Qubo (38)
fiat;Scudo (64)
fiat;Sedici (114)
fiat;Seicento (56)
fiat;Stilo (38)
fiat;Talento (38)
fiat;Tipo (682)
ford;B-MAX (166)
ford;Bronco (61)
ford;C-MAX (872)
ford;EcoSport (276)
ford;EDGE (305)
ford;Escape (185)
ford;Explorer (87)
ford;F150 (123)
ford;Fiesta (1619)
ford;Focus (3298)
ford;Focus C-Max (108)
ford;Fusion (210)
ford;Galaxy (410)
ford;Grand C-MAX (288)
ford;GT (25)
ford;Inny (476)
ford;KA (146)
ford;Ka+ (34)
ford;Kuga (1993)
ford;Maverick (23)
ford;Mondeo (2396)
ford;Mustang (481)
ford;Mustang Mach-E (116)
ford;Puma (329)
ford;Ranger (190)
ford;Ranger Raptor (58)
ford;S-Max (1187)
ford;Tourneo Connect (192)
ford;Tourneo Connect Grand (63)
ford;Tourneo Courier (102)
ford;Tourneo Custom (109)
ford;Transit (131)
ford;Transit Connect (119)
ford;Transit Courier (36)
ford;Transit Custom (189)
honda;Accord (333)
honda;City (41)
honda;Civic (1068)
honda;CR-V (836)
honda;FR-V (32)
honda;HR-V (262)
honda;Inny (476)
honda;Insight (21)
honda;Jazz (370)
honda;Odyssey (58)
honda;ZR-V (32)
hyundai;Bayon (82)
hyundai;Coupe (40)
hyundai;Elantra (136)
hyundai;Getz (49)
hyundai;i10 (262)
hyundai;i20 (647)
hyundai;i30 (1873)
hyundai;i30 N (44)
hyundai;i40 (567)
hyundai;Inny (476)
hyundai;IONIQ (81)
hyundai;IONIQ 5 (29)
hyundai;ix20 (289)
hyundai;ix35 (901)
hyundai;Kona (537)
hyundai;Santa Fe (184)
hyundai;Sonata (23)
hyundai;Tucson (1795)
hyundai;Veloster (28)
infiniti;FX (48)
infiniti;I30 (1873)
infiniti;Inny (476)
infiniti;Q30 (21)
infiniti;Q50 (80)
infiniti;QX70 (44)
jaguar;E-Pace (116)
jaguar;F-Pace (271)
jaguar;F-Type (54)
jaguar;I-Pace (58)
jaguar;Inny (476)
jaguar;S-Type (25)
jaguar;X-Type (29)
jaguar;XE (138)
jaguar;XF (185)
jaguar;XJ (99)
jaguar;XK (21)
jeep;Avenger (173)
jeep;Cherokee (261)
jeep;Commander (42)
jeep;Compass (439)
jeep;Gladiator (30)
jeep;Grand Cherokee (760)
jeep;Inny (476)
jeep;Patriot (22)
jeep;Renegade (333)
jeep;Wrangler (364)
kia;Carens (191)
kia;Ceed (1848)
kia;EV6 (161)
kia;EV9 (23)
kia;Inny (476)
kia;Niro (315)
kia;Optima (292)
kia;Picanto (360)
kia;Pro_cee'd (229)
kia;Rio (507)
kia;Sorento (301)
kia;Soul (128)
kia;Sportage (2449)
kia;Stinger (102)
kia;Stonic (256)
kia;Venga (301)
kia;XCeed (418)
lancia;Delta (62)
lancia;Inny (476)
lancia;Voyager (33)
lancia;Ypsilon (24)
land-rover;Defender (142)
land-rover;Discovery (229)
land-rover;Discovery Sport (203)
land-rover;Freelander (66)
land-rover;Inny (476)
land-rover;Range Rover (198)
land-rover;Range Rover Evoque (261)
land-rover;Range Rover Sport (252)
land-rover;Range Rover Velar (181)
lexus;CT (89)
lexus;ES (122)
lexus;GS (93)
lexus;Inny (476)
lexus;IS (168)
lexus;LS (75)
lexus;NX (363)
lexus;RC (29)
lexus;RX (379)
lexus;UX (179)
maserati;Coupe (40)
maserati;Ghibli (71)
maserati;GranTurismo (26)
maserati;Inny (476)
maserati;Levante (84)
maserati;Quattroporte (59)
mazda;2 (300)
mazda;3 (778)
mazda;5 (241)
mazda;6 (1024)
mazda;CX-3 (354)
mazda;CX-30 (210)
mazda;CX-5 (779)
mazda;CX-60 (141)
mazda;CX-7 (69)
mazda;CX-9 (46)
mazda;Inny (476)
mazda;MX-30 (92)
mazda;MX-5 (92)
mercedes-benz;AMG GT (123)
mercedes-benz;Citan (61)
mercedes-benz;CL (126)
mercedes-benz;CLA (835)
mercedes-benz;CLE (43)
mercedes-benz;CLK (144)
mercedes-benz;CLS (391)
mercedes-benz;EQA (82)
mercedes-benz;EQB (74)
mercedes-benz;EQC (53)
mercedes-benz;EQE (201)
mercedes-benz;EQS (187)
mercedes-benz;EQV (47)
mercedes-benz;GL (145)
mercedes-benz;GLA (426)
mercedes-benz;GLB (200)
mercedes-benz;GLC (866)
mercedes-benz;GLE (646)
mercedes-benz;GLK (106)
mercedes-benz;GLS (181)
mercedes-benz;Inny (476)
mercedes-benz;Klasa A (1327)
mercedes-benz;Klasa B (631)
mercedes-benz;Klasa C (2140)
mercedes-benz;Klasa E (2027)
mercedes-benz;Klasa G (220)
mercedes-benz;Klasa R (45)
mercedes-benz;Klasa S (1039)
mercedes-benz;Klasa T (27)
mercedes-benz;Klasa V (392)
mercedes-benz;Klasa X (26)
mercedes-benz;ML (327)
mercedes-benz;SL (286)
mercedes-benz;SLK (57)
mercedes-benz;Sprinter (104)
mercedes-benz;Viano (78)
mercedes-benz;Vito (287)
mercedes-benz;W123 (40)
mercedes-benz;W124 (100)
mercedes-benz;W201 (190) (46)
mini;Clubman (151)
mini;Cooper (443)
mini;Cooper S (247)
mini;Countryman (474)
mini;Inny (476)
mini;John Cooper Works (99)
mini;ONE (234)
mitsubishi;ASX (608)
mitsubishi;Colt (177)
mitsubishi;Eclipse Cross (149)
mitsubishi;Grandis (22)
mitsubishi;Inny (476)
mitsubishi;L200 (76)
mitsubishi;Lancer (169)
mitsubishi;Outlander (404)
mitsubishi;Pajero (100)
mitsubishi;Space Star (209)
nissan;370 Z (29)
nissan;Almera (40)
nissan;Ariya (26)
nissan;Inny (476)
nissan;Juke (737)
nissan;Leaf (233)
nissan;Micra (437)
nissan;Murano (42)
nissan;Navara (90)
nissan;Note (260)
nissan;NV200 (34)
nissan;Pathfinder (29)
nissan;Patrol (102)
nissan;Primastar (28)
nissan;Primera (39)
nissan;Pulsar (59)
nissan;Qashqai (2402)
nissan;Qashqai+2 (193)
nissan;Terrano (23)
nissan;Tiida (25)
nissan;Townstar (36)
nissan;X-Trail (523)
opel;Adam (133)
opel;Agila (67)
opel;Antara (147)
opel;Astra (4901)
opel;Combo (226)
opel;Corsa (1935)
opel;Crossland (126)
opel;Crossland X (261)
opel;Frontera (25)
opel;Grandland (181)
opel;Grandland X (284)
opel;GT (25)
opel;Inny (476)
opel;Insignia (2556)
opel;Karl (35)
opel;Meriva (982)
opel;Mokka (1297)
opel;Signum (75)
opel;Vectra (321)
opel;Vivaro (366)
opel;Zafira (1007)
peugeot;1007 (24)
peugeot;107 (89)
peugeot;108 (67)
peugeot;2008 (937)
peugeot;206 (114)
peugeot;206 CC (30)
peugeot;206 plus (40)
peugeot;207 (464)
peugeot;207 CC (25)
peugeot;208 (956)
peugeot;3008 (1227)
peugeot;301 (60)
peugeot;307 (191)
peugeot;307 CC (35)
peugeot;308 (1692)
peugeot;308 CC (21)
peugeot;407 (206)
peugeot;408 (51)
peugeot;5008 (593)
peugeot;508 (1083)
peugeot;807 (45)
peugeot;Boxer (47)
peugeot;Expert (84)
peugeot;Inny (476)
peugeot;Partner (396)
peugeot;RCZ (29)
peugeot;Rifter (132)
peugeot;Traveller (24)
porsche;718 Boxster (41)
porsche;718 Cayman (50)
porsche;911 (408)
porsche;Boxster (22)
porsche;Cayenne (569)
porsche;Inny (476)
porsche;Macan (391)
porsche;Panamera (312)
porsche;Taycan (116)
ram;1500 (160)
ram;Inny (476)
renault;4 (26)
renault;5 (241)
renault;Arkana (248)
renault;Austral (122)
renault;Captur (819)
renault;Clio (1748)
renault;Coupe (40)
renault;Espace (344)
renault;Fluence (54)
renault;Grand Espace (94)
renault;Grand Scenic (379)
renault;Inny (476)
renault;Kadjar (553)
renault;Kangoo (291)
renault;Koleos (281)
renault;Laguna (525)
renault;Master (62)
renault;Megane (2101)
renault;Modus (172)
renault;Scenic (880)
renault;Talisman (323)
renault;Thalia (35)
renault;Trafic (544)
renault;Twingo (194)
renault;Zoe (117)
saab;9-3 (149)
saab;9-5 (49)
saab;900 (25)
saab;Inny (476)
seat;Alhambra (207)
seat;Altea (150)
seat;Altea XL (179)
seat;Arona (368)
seat;Ateca (546)
seat;Cordoba (30)
seat;Exeo (122)
seat;Ibiza (916)
seat;Inny (476)
seat;Leon (1724)
seat;Mii (53)
seat;Tarraco (89)
seat;Toledo (93)
skoda;Citigo (202)
skoda;Enyaq (82)
skoda;Fabia (1693)
skoda;Inny (476)
skoda;Kamiq (452)
skoda;Karoq (458)
skoda;Kodiaq (621)
skoda;Octavia (3524)
skoda;RAPID (432)
skoda;Roomster (217)
skoda;Scala (330)
skoda;Superb (1977)
skoda;Yeti (188)
smart;Forfour (87)
smart;Fortwo (124)
smart;Inny (476)
smart;Roomster (217)
ssangyong;Korando (123)
ssangyong;Musso (57)
ssangyong;REXTON (42)
ssangyong;Tivoli (86)
ssangyong;Tivoli Grand (27)
ssangyong;Torres (84)
subaru;BRZ (21)
subaru;Forester (347)
subaru;Impreza (137)
subaru;Legacy (92)
subaru;Outback (156)
subaru;WRX (40)
subaru;XV (115)
suzuki;Alto (35)
suzuki;Baleno (69)
suzuki;Grand Vitara (348)
suzuki;Ignis (104)
suzuki;Jimny (214)
suzuki;Splash (44)
suzuki;Swace (66)
suzuki;Swift (623)
suzuki;SX4 (332)
suzuki;SX4 S-Cross (346)
suzuki;Vitara (499)
tesla;Model 3 (142)
tesla;Model S (128)
tesla;Model X (48)
tesla;Y (54)
toyota;Auris (1172)
toyota;Avensis (1046)
toyota;Aygo (468)
toyota;Aygo X (39)
toyota;bZ4X (30)
toyota;C-HR (972)
toyota;Camry (403)
toyota;Celica (25)
toyota;Corolla (2394)
toyota;Corolla Cross (72)
toyota;Corolla Verso (154)
toyota;Highlander (106)
toyota;Hilux (201)
toyota;Land Cruiser (236)
toyota;Prius (291)
toyota;Prius+ (65)
toyota;ProAce (79)
toyota;Proace City Verso (138)
toyota;Proace Verso (116)
toyota;RAV4 (1333)
toyota;Sienna (56)
toyota;Supra (33)
toyota;Tundra (33)
toyota;Urban Cruiser (26)
toyota;Verso (271)
toyota;Verso S (36)
toyota;Yaris (1981)
toyota;Yaris Cross (171)
volkswagen;Amarok (161)
volkswagen;Arteon (621)
volkswagen;Atlas (21)
volkswagen;Beetle (92)
volkswagen;Bora (40)
volkswagen;Caddy (684)
volkswagen;California (144)
volkswagen;Caravelle (195)
volkswagen;CC (134)
volkswagen;Crafter (73)
volkswagen;Eos (32)
volkswagen;Fox (55)
volkswagen;Garbus (29)
volkswagen;Golf (3652)
volkswagen;Golf Plus (431)
volkswagen;Golf Sportsvan (148)
volkswagen;ID.3 (63)
volkswagen;ID.4 (28)
volkswagen;ID.5 (23)
volkswagen;ID.Buzz (158)
volkswagen;Jetta (223)
volkswagen;Lupo (28)
volkswagen;Multivan (373)
volkswagen;New Beetle (96)
volkswagen;Passat (3211)
volkswagen;Passat CC (108)
volkswagen;Phaeton (44)
volkswagen;Polo (1232)
volkswagen;Scirocco (120)
volkswagen;Sharan (341)
volkswagen;T-Cross (230)
volkswagen;T-Roc (738)
volkswagen;Taigo (264)
volkswagen;Tiguan (1575)
volkswagen;Tiguan Allspace (199)
volkswagen;Touareg (318)
volkswagen;Touran (1057)
volkswagen;Transporter (346)
volkswagen;up! (262)
volvo;C30 (172)
volvo;C40 (46)
volvo;C70 (31)
volvo;EX30 (25)
volvo;Inny (476)
volvo;S40 (142)
volvo;S60 (518)
volvo;S80 (158)
volvo;S90 (211)
volvo;V40 (691)
volvo;V50 (356)
volvo;V60 (812)
volvo;V60 Cross Country (99)
volvo;V70 (284)
volvo;V90 (238)
volvo;V90 Cross Country (154)
volvo;XC 40 (482)
volvo;XC 60 (1831)
volvo;XC 70 (141)
volvo;XC 90 (664)
